Company Name,Symbol,Macro Economic Classification,Sector,Industry,Basic Industry,Market Cap,Free Float Market Cap
360 ONE WAM Ltd.,360ONE,Financial Services,Financial Services,Capital Markets,Stockbroking & Allied,43128.56,24216.81305
3M India Ltd.,3MINDIA,Diversified,Diversified,Diversified,Diversified,36048.22,9012.056
Aadhar Housing Finance Ltd.,AADHARHFC,Financial Services,Financial Services,Finance,Housing Finance Company,21847.08,5289.855553
Aarti Industries Ltd.,AARTIIND,Commodities,Chemicals,Chemicals & Petrochemicals,Specialty Chemicals,13740.77,7753.010045
Aavas Financiers Ltd.,AAVAS,Financial Services,Financial Services,Finance,Housing Finance Company,13330.02,6619.915934
ABB India Ltd.,ABB,Industrials,Capital Goods,Electrical Equipment,Heavy Electrical Equipment,108751.38,26839.51385
Abbott India Ltd.,ABBOTINDIA,Healthcare,Healthcare,Pharmaceuticals & Biotechnology,Pharmaceuticals,69899.58,17115.2614
Aditya Birla Capital Ltd.,ABCAPITAL,Financial Services,Financial Services,Finance,Investment Company,72586.38,19812.52388
Aditya Birla Fashion and Retail Ltd.,ABFRL,Consumer Discretionary,Consumer Services,Retailing,Speciality Retail,9310.63,3571.606097
Aditya Birla Real Estate Ltd.,ABREL,Commodities,Forest Materials,Paper Forest & Jute Products,Paper & Paper Products,20951.88,9783.143107
Aditya Birla Sun Life AMC Ltd.,ABSLAMC,Financial Services,Financial Services,Capital Markets,Asset Management Company,24570.41,6157.984608
ACC Ltd.,ACC,Commodities,Construction Materials,Cement & Cement Products,Cement & Cement Products,34055.22,11811.06551
Action Construction Equipment Ltd.,ACE,Industrials,Capital Goods,Agricultural Commercial & Construction Vehicles,Construction Vehicles,13194.42,4547.245093
ACME Solar Holdings Ltd.,ACMESOLAR,Utilities,Power,Power,Power Generation,16791.19,2784.650273
Adani Energy Solutions Ltd.,ADANIENSOL,Utilities,Power,Power,Power Distribution,95562.03,28715.14896
Adani Enterprises Ltd.,ADANIENT,Commodities,Metals & Mining,Metals & Minerals Trading,Trading - Minerals,259217.45,58338.18319
Adani Green Energy Ltd.,ADANIGREEN,Utilities,Power,Power,Power Generation,148748.57,28705.20151
Adani Ports and Special Economic Zone Ltd.,ADANIPORTS,Services,Services,Transport Infrastructure,Port & Port services,291078.72,99170.81195
Adani Power Ltd.,ADANIPOWER,Utilities,Power,Power,Integrated Power Utilities,224088.15,45607.98941
Aegis Logistics Ltd.,AEGISLOG,Energy,Oil Gas & Consumable Fuels,Gas,Trading - Gas,25342.2,9049.750304
Afcons Infrastructure Ltd.,AFCONS,Industrials,Construction,Construction,Civil Construction,15106.75,4818.963796
Affle 3i Ltd.,AFFLE,Information Technology,Information Technology,IT - Services,IT Enabled Services,27351.71,12266.17486
AIA Engineering Ltd.,AIAENG,Industrials,Capital Goods,Industrial Products,Castings & Forgings,29395.92,12196.57155
Authum Investment & Infrastructure Ltd.,AIIL,Financial Services,Financial Services,Finance,Non Banking Financial Company (NBFC),48456.81,12087.4536
Ajanta Pharmaceuticals Ltd.,AJANTPHARM,Healthcare,Healthcare,Pharmaceuticals & Biotechnology,Pharmaceuticals,32608.2,10958.44141
Akums Drugs and Pharmaceuticals Ltd.,AKUMS,Healthcare,Healthcare,Pharmaceuticals & Biotechnology,Pharmaceuticals,7709.16,1340.452893
Alivus Life Sciences Ltd.,ALIVUS,Healthcare,Healthcare,Pharmaceuticals & Biotechnology,Pharmaceuticals,11427.81,2857.558249
Alkem Laboratories Ltd.,ALKEM,Healthcare,Healthcare,Pharmaceuticals & Biotechnology,Pharmaceuticals,58287.94,26153.97242
Alkyl Amines Chemicals Ltd.,ALKYLAMINE,Commodities,Chemicals,Chemicals & Petrochemicals,Specialty Chemicals,10739.49,2900.40403
Alok Industries Ltd.,ALOKINDS,Consumer Discretionary,Textiles,Textiles & Apparels,Other Textile Products,9056.6,2258.244721
Amber Enterprises India Ltd.,AMBER,Consumer Discretionary,Consumer Durables,Consumer Durables,Household Appliances,26310.1,15859.88368
Ambuja Cements Ltd.,AMBUJACEM,Commodities,Construction Materials,Cement & Cement Products,Cement & Cement Products,145866.17,38641.40772
Anand Rathi Wealth Ltd.,ANANDRATHI,Financial Services,Financial Services,Capital Markets,Financial Products Distributor,21502.34,9631.308514
Anant Raj Ltd.,ANANTRAJ,Consumer Discretionary,Realty,Realty,Residential Commercial Projects,18810.68,7433.097328
Angel One Ltd.,ANGELONE,Financial Services,Financial Services,Capital Markets,Stockbroking & Allied,23981.05,15383.09791
Apar Industries Ltd.,APARINDS,Industrials,Capital Goods,Electrical Equipment,Other Electrical Equipment,34946.43,14657.96724
APL Apollo Tubes Ltd.,APLAPOLLO,Industrials,Capital Goods,Industrial Products,Iron & Steel Products,44162.48,28750.26279
Alembic Pharmaceuticals Ltd.,APLLTD,Healthcare,Healthcare,Pharmaceuticals & Biotechnology,Pharmaceuticals,18631.24,5276.570896
Apollo Hospitals Enterprise Ltd.,APOLLOHOSP,Healthcare,Healthcare,Healthcare Services,Hospital,103359.6,72423.65876
Apollo Tyres Ltd.,APOLLOTYRE,Consumer Discretionary,Automobile and Auto Components,Auto Components,Tyres & Rubber Products,27766.61,14062.90113
Aptus Value Housing Finance India Ltd.,APTUS,Financial Services,Financial Services,Finance,Housing Finance Company,17007.98,6966.419519
Amara Raja Energy & Mobility Ltd.,ARE&M,,,,,,
Asahi India Glass Ltd.,ASAHIINDIA,Consumer Discretionary,Automobile and Auto Components,Auto Components,Auto Components & Equipments,20176.46,9117.845087
Ashok Leyland Ltd.,ASHOKLEY,Industrials,Capital Goods,Agricultural Commercial & Construction Vehicles,Commercial Vehicles,70300.46,34150.41831
Asian Paints Ltd.,ASIANPAINT,Consumer Discretionary,Consumer Durables,Consumer Durables,Paints,240566.81,113149.1537
Aster DM Healthcare Ltd.,ASTERDM,Healthcare,Healthcare,Healthcare Services,Hospital,30931.83,13403.87351
Astral Ltd.,ASTRAL,Industrials,Capital Goods,Industrial Products,Plastic Products - Industrial,37984.95,17374.50624
AstraZenca Pharma India Ltd.,ASTRAZEN,Healthcare,Healthcare,Pharmaceuticals & Biotechnology,Pharmaceuticals,21752.5,5349.222533
Adani Total Gas Ltd.,ATGL,Energy,Oil Gas & Consumable Fuels,Gas,LPG/CNG/PNG/LNG Supplier,64998.78,16348.49212
Atul Ltd.,ATUL,Commodities,Chemicals,Chemicals & Petrochemicals,Specialty Chemicals,19481.61,10502.02904
AU Small Finance Bank Ltd.,AUBANK,Financial Services,Financial Services,Banks,Other Bank,55465.99,41716.19425
Aurobindo Pharma Ltd.,AUROPHARMA,Healthcare,Healthcare,Pharmaceuticals & Biotechnology,Pharmaceuticals,62151.58,29845.56243
AWL Agri Business Ltd.,AWL,Financial Services,Financial Services,Banks,Other Bank,32686.92,8270.21491
Axis Bank Ltd.,AXISBANK,Financial Services,Financial Services,Banks,Private Sector Bank,334913.72,308228.4631
Bajaj Auto Ltd.,BAJAJ-AUTO,Consumer Discretionary,Automobile and Auto Components,Automobiles,2/3 Wheelers,230136.19,91049.70327
Bajaj Finserv Ltd.,BAJAJFINSV,Financial Services,Financial Services,Finance,Holding Company,306923.94,104047.2161
Bajaj Housing Finance Ltd.,BAJAJHFL,Financial Services,Financial Services,Finance,Housing Finance Company,94530.34,10530.11228
Bajaj Holdings & Investment Ltd.,BAJAJHLDNG,Financial Services,Financial Services,Finance,Holding Company,154364.1,59885.08887
Bajaj Finance Ltd.,BAJFINANCE,Financial Services,Financial Services,Finance,Non Banking Financial Company (NBFC),548037.93,233707.4863
Balkrishna Industries Ltd.,BALKRISIND,Consumer Discretionary,Automobile and Auto Components,Auto Components,Tyres & Rubber Products,46879.42,19370.482
Balrampur Chini Mills Ltd.,BALRAMCHIN,Fast Moving Consumer Goods,Fast Moving Consumer Goods,Agricultural Food & other Products,Sugar,11086.12,6285.797356
Bandhan Bank Ltd.,BANDHANBNK,Financial Services,Financial Services,Banks,Private Sector Bank,26825.9,14064.03924
Bank of Baroda,BANKBARODA,Financial Services,Financial Services,Banks,Public Sector Bank,125028.02,44642.50604
Bank of India,BANKINDIA,Financial Services,Financial Services,Banks,Public Sector Bank,50917.04,13552.7406
BASF India Ltd.,BASF,Commodities,Chemicals,Chemicals & Petrochemicals,Specialty Chemicals,19868.11,5216.431559
Bata India Ltd.,BATAINDIA,Consumer Discretionary,Consumer Durables,Consumer Durables,Footwear,15204.81,7532.41626
Bayer Cropscience Ltd.,BAYERCROP,Commodities,Chemicals,Fertilizers & Agrochemicals,Pesticides & Agrochemicals,28455.91,8051.25685
Bombay Burmah Trading Corporation Ltd.,BBTC,Fast Moving Consumer Goods,Fast Moving Consumer Goods,Food Products,Packaged Foods,13110.84,3244.97167
Bharat Dynamics Ltd.,BDL,Industrials,Capital Goods,Aerospace & Defense,Aerospace & Defense,57513.66,14420.6866
Bharat Electronics Ltd.,BEL,Industrials,Capital Goods,Aerospace & Defense,Aerospace & Defense,283802.16,138673.6833
BEML Ltd.,BEML,Industrials,Capital Goods,Agricultural Commercial & Construction Vehicles,Construction Vehicles,16137.24,7388.178855
Berger Paints India Ltd.,BERGEPAINT,Consumer Discretionary,Consumer Durables,Consumer Durables,Paints,63564.58,15480.20081
Bharat Forge Ltd.,BHARATFORG,Consumer Discretionary,Automobile and Auto Components,Auto Components,Auto Components & Equipments,55405.69,30813.04428
Bharti Airtel Ltd.,BHARTIARTL,Telecommunication,Telecommunication,Telecom - Services,Telecom - Cellular & Fixed line services,1094861.24,521892.9827
Bharti Hexacom Ltd.,BHARTIHEXA,Telecommunication,Telecommunication,Telecom - Services,Telecom - Cellular & Fixed line services,87240,13086
Bharat Heavy Electricals Ltd.,BHEL,Industrials,Capital Goods,Electrical Equipment,Heavy Electrical Equipment,79453.72,29247.55056
Bikaji Foods International Ltd.,BIKAJI,Fast Moving Consumer Goods,Fast Moving Consumer Goods,Food Products,Packaged Foods,18290.76,4582.750395
Biocon Ltd.,BIOCON,Healthcare,Healthcare,Pharmaceuticals & Biotechnology,Pharmaceuticals,48852.65,21885.84119
BLS International Services Ltd.,BLS,Consumer Discretionary,Consumer Services,Leisure Services,Tour Travel Related Services,16453.17,4829.004422
Blue Dart Express Ltd.,BLUEDART,Services,Services,Transport Services,Logistics Solution Provider,13798.98,3430.826603
Blue Star Ltd.,BLUESTARCO,Consumer Discretionary,Consumer Durables,Consumer Durables,Household Appliances,37524.7,23623.11127
Bosch Ltd.,BOSCHLTD,Consumer Discretionary,Automobile and Auto Components,Auto Components,Auto Components & Equipments,114110.89,33460.39487
Bharat Petroleum Corporation Ltd.,BPCL,Energy,Oil Gas & Consumable Fuels,Petroleum Products,Refineries & Marketing,134537.06,59940.83234
Brigade Enterprises Ltd.,BRIGADE,Consumer Discretionary,Realty,Realty,Residential Commercial Projects,23218.18,13149.10308
Britannia Industries Ltd.,BRITANNIA,Fast Moving Consumer Goods,Fast Moving Consumer Goods,Food Products,Packaged Foods,131971.74,64445.75949
BSE Ltd.,BSE,Financial Services,Financial Services,Capital Markets,Exchange and Data Platform,99726.29,99717.31631
Birlasoft Ltd.,BSOFT,Information Technology,Information Technology,IT - Software,Computers - Software & Consulting,10635,6288.25211
Campus Activewear Ltd.,CAMPUS,Consumer Discretionary,Consumer Durables,Consumer Durables,Footwear,8099.17,2256.33031
Computer Age Management Services Ltd.,CAMS,Financial Services,Financial Services,Capital Markets,Depositories Clearing Houses and Other Intermediaries,18967.64,18339.27632
Canara Bank,CANBK,Financial Services,Financial Services,Banks,Public Sector Bank,98779.39,36612.77929
Can Fin Homes Ltd.,CANFINHOME,Financial Services,Financial Services,Finance,Housing Finance Company,9880.04,6255.742442
Caplin Point Laboratories Ltd.,CAPLIPOINT,Healthcare,Healthcare,Pharmaceuticals & Biotechnology,Pharmaceuticals,15361.96,4066.803391
Carborundum Universal Ltd.,CARBORUNIV,Industrials,Capital Goods,Industrial Products,Abrasives & Bearings,16262.19,9689.888289
Castrol India Ltd.,CASTROLIND,Energy,Oil Gas & Consumable Fuels,Petroleum Products,Lubricants,21246.35,10364.62759
CCL Products (I) Ltd.,CCL,Fast Moving Consumer Goods,Fast Moving Consumer Goods,Agricultural Food & other Products,Tea & Coffee,11603.58,6145.683313
Central Depository Services (India) Ltd.,CDSL,Financial Services,Financial Services,Capital Markets,Depositories Clearing Houses and Other Intermediaries,32683.42,27779.79576
Ceat Ltd.,CEATLTD,Consumer Discretionary,Automobile and Auto Components,Auto Components,Tyres & Rubber Products,13004.7,6752.276702
Central Bank of India,CENTRALBK,Financial Services,Financial Services,Banks,Public Sector Bank,32060.06,3439.179172
Century Plyboards (India) Ltd.,CENTURYPLY,Consumer Discretionary,Consumer Durables,Consumer Durables,Plywood Boards/ Laminates,16662.97,4542.393432
Cera Sanitaryware Ltd,CERA,Consumer Discretionary,Consumer Durables,Consumer Durables,Sanitary Ware,8044.2,3588.009195
CESC Ltd.,CESC,Utilities,Power,Power,Integrated Power Utilities,21984.59,10429.44343
Capri Global Capital Ltd.,CGCL,Financial Services,Financial Services,Finance,Non Banking Financial Company (NBFC),18059.51,5437.699676
CG Power and Industrial Solutions Ltd.,CGPOWER,Industrials,Capital Goods,Electrical Equipment,Heavy Electrical Equipment,107234.83,44804.10397
Chalet Hotels Ltd.,CHALET,Consumer Discretionary,Consumer Services,Leisure Services,Hotels & Resorts,19236.99,6259.158214
Chambal Fertilizers & Chemicals Ltd.,CHAMBLFERT,Commodities,Chemicals,Fertilizers & Agrochemicals,Fertilizers,22468.58,8523.635881
Chennai Petroleum Corporation Ltd.,CHENNPETRO,Energy,Oil Gas & Consumable Fuels,Petroleum Products,Refineries & Marketing,9549.69,3080.194593
Cholamandalam Investment and Finance Company Ltd.,CHOLAFIN,Financial Services,Financial Services,Finance,Non Banking Financial Company (NBFC),125167.21,62499.86668
Cholamandalam Financial Holdings Ltd.,CHOLAHLDNG,Financial Services,Financial Services,Finance,Investment Company,34699.4,18255.45697
Cipla Ltd.,CIPLA,Healthcare,Healthcare,Pharmaceuticals & Biotechnology,Pharmaceuticals,120354.93,83584.21348
Clean Science and Technology Ltd.,CLEAN,Commodities,Chemicals,Chemicals & Petrochemicals,Specialty Chemicals,12709.56,2683.357575
Coal India Ltd.,COALINDIA,Energy,Oil Gas & Consumable Fuels,Consumable Fuels,Coal,233567.4,85850.73557
Cochin Shipyard Ltd.,COCHINSHIP,Industrials,Capital Goods,Industrial Manufacturing,Ship Building & Allied Services,44723.73,14349.11764
Coforge Ltd.,COFORGE,Information Technology,Information Technology,IT - Software,Computers - Software & Consulting,57069.85,56697.92648
Cohance Lifesciences Ltd.,COHANCE,Healthcare,Healthcare,Pharmaceuticals & Biotechnology,Pharmaceuticals,36037.82,12000.34332
Colgate Palmolive (India) Ltd.,COLPAL,Fast Moving Consumer Goods,Fast Moving Consumer Goods,Personal Products,Personal Care,61006.38,29463.64018
Container Corporation of India Ltd.,CONCOR,Services,Services,Transport Services,Logistics Solution Provider,42250.75,19062.31536
Concord Biotech Ltd.,CONCORDBIO,Healthcare,Healthcare,Pharmaceuticals & Biotechnology,Pharmaceuticals,17049.3,5371.212343
Coromandel International Ltd.,COROMANDEL,Commodities,Chemicals,Fertilizers & Agrochemicals,Fertilizers,72061.34,28824.75343
Craftsman Automation Ltd.,CRAFTSMAN,Consumer Discretionary,Automobile and Auto Components,Auto Components,Auto Components & Equipments,15323.63,7860.257927
CreditAccess Grameen Ltd.,CREDITACC,Financial Services,Financial Services,Finance,Microfinance Institutions,19882.12,6637.068876
CRISIL Ltd.,CRISIL,Financial Services,Financial Services,Finance,Other Financial Services,37998.36,12630.9958
Crompton Greaves Consumer Electricals Ltd.,CROMPTON,Consumer Discretionary,Consumer Durables,Consumer Durables,Household Appliances,20468.08,20372.68236
City Union Bank Ltd.,CUB,Financial Services,Financial Services,Banks,Private Sector Bank,15969.46,15488.68804
Cummins India Ltd.,CUMMINSIND,Industrials,Capital Goods,Industrial Products,Compressors Pumps & Diesel Engines,102774.67,49963.80402
Cyient Ltd.,CYIENT,Information Technology,Information Technology,IT - Services,IT Enabled Services,13247.67,10046.75172
Dabur India Ltd.,DABUR,Fast Moving Consumer Goods,Fast Moving Consumer Goods,Personal Products,Personal Care,91806.2,30435.59252
Dalmia Bharat Ltd.,DALBHARAT,Commodities,Construction Materials,Cement & Cement Products,Cement & Cement Products,42532.28,18012.63151
Data Patterns (India) Ltd.,DATAPATTNS,Industrials,Capital Goods,Aerospace & Defense,Aerospace & Defense,14410.27,7599.790974
Valor Estate Ltd.,DBREALTY,Consumer Discretionary,Consumer Services,Leisure Services,Hotels & Resorts,9781.17,4432.854853
DCM Shriram Ltd.,DCMSHRIRAM,Diversified,Diversified,Diversified,Diversified,20958.64,5297.444129
Deepak Fertilisers & Petrochemicals Corp. Ltd.,DEEPAKFERT,Commodities,Chemicals,Chemicals & Petrochemicals,Commodity Chemicals,19007.63,10080.9433
Deepak Nitrite Ltd.,DEEPAKNTR,Commodities,Chemicals,Chemicals & Petrochemicals,Specialty Chemicals,24891.73,12501.2242
Delhivery Ltd.,DELHIVERY,Services,Services,Transport Services,Logistics Solution Provider,34891.98,24064.71681
Devyani International Ltd.,DEVYANI,Consumer Discretionary,Consumer Services,Leisure Services,Restaurants,19730.71,6554.146468
Divi's Laboratories Ltd.,DIVISLAB,Healthcare,Healthcare,Pharmaceuticals & Biotechnology,Pharmaceuticals,162626.05,77582.38442
Dixon Technologies (India) Ltd.,DIXON,Consumer Discretionary,Consumer Durables,Consumer Durables,Consumer Electronics,100832.49,64751.90145
DLF Ltd.,DLF,Consumer Discretionary,Realty,Realty,Residential Commercial Projects,187925.92,48574.33946
Avenue Supermarts Ltd.,DMART,Consumer Discretionary,Consumer Services,Retailing,Diversified Retail,276626.63,62380.96419
DOMS Industries Ltd.,DOMS,Fast Moving Consumer Goods,Fast Moving Consumer Goods,Household Products,Stationary,14170.55,4195.871908
Dr. Reddy's Laboratories Ltd.,DRREDDY,Healthcare,Healthcare,Pharmaceuticals & Biotechnology,Pharmaceuticals,99982.9,72747.95553
Dummy Company,DUMMY,,,,,,
Dummy Valor Estate Ltd.,DUMMYDBRLT,,,,,,
eClerx Services Ltd.,ECLERX,Services,Services,Commercial Services & Supplies,Business Process Outsourcing (BPO)/ Knowledge Process Outsourcing (KPO),19670.07,8789.235766
Eicher Motors Ltd.,EICHERMOT,Consumer Discretionary,Automobile and Auto Components,Automobiles,2/3 Wheelers,155693.9,77863.29837
E.I.D. Parry (India) Ltd.,EIDPARRY,Fast Moving Consumer Goods,Fast Moving Consumer Goods,Food Products,Other Food Products,20286.53,11673.78409
EIH Ltd.,EIHOTEL,Consumer Discretionary,Consumer Services,Leisure Services,Hotels & Resorts,22544.38,7127.901322
Elecon Engineering Co. Ltd.,ELECON,Industrials,Capital Goods,Electrical Equipment,Heavy Electrical Equipment,12474.39,4879.221255
Elgi Equipments Ltd.,ELGIEQUIP,Industrials,Capital Goods,Industrial Products,Compressors Pumps & Diesel Engines,16922.94,11464.36207
Emami Ltd.,EMAMILTD,Fast Moving Consumer Goods,Fast Moving Consumer Goods,Personal Products,Personal Care,25467.59,11471.85157
Emcure Pharmaceuticals Ltd.,EMCURE,Healthcare,Healthcare,Pharmaceuticals & Biotechnology,Pharmaceuticals,26531.17,3503.255093
Endurance Technologies Ltd.,ENDURANCE,Consumer Discretionary,Automobile and Auto Components,Auto Components,Auto Components & Equipments,35447.04,8861.68853
Engineers India Ltd.,ENGINERSIN,Industrials,Construction,Construction,Civil Construction,11448.8,5566.659959
Eris Lifesciences Ltd.,ERIS,Healthcare,Healthcare,Pharmaceuticals & Biotechnology,Pharmaceuticals,23085.69,9117.485236
Escorts Kubota Ltd.,ESCORTS,Industrials,Capital Goods,Agricultural Commercial & Construction Vehicles,Tractors,37569.67,11114.15991
Eternal Ltd.,ETERNAL,Consumer Discretionary,Consumer Services,Retailing,E-Retail/ E-Commerce,292598.63,210161.0153
Exide Industries Ltd.,EXIDEIND,Consumer Discretionary,Automobile and Auto Components,Auto Components,Auto Components & Equipments,32287.25,17239.29283
Fertilisers and Chemicals Travancore Ltd.,FACT,Commodities,Chemicals,Fertilizers & Agrochemicals,Fertilizers,60239.17,5783.261076
Federal Bank Ltd.,FEDERALBNK,Financial Services,Financial Services,Banks,Private Sector Bank,48914.71,48702.17215
Finolex Cables Ltd.,FINCABLES,Industrials,Capital Goods,Industrial Products,Cables - Electricals,13152.78,6492.805895
Finolex Industries Ltd.,FINPIPE,Industrials,Capital Goods,Industrial Products,Plastic Products - Industrial,11789.06,5333.359496
Brainbees Solutions Ltd.,FIRSTCRY,Consumer Discretionary,Consumer Services,Retailing,E-Retail/ E-Commerce,19124.88,7723.73578
Five-Star Business Finance Ltd.,FIVESTAR,Financial Services,Financial Services,Finance,Non Banking Financial Company (NBFC),17283.77,10912.17829
Gujarat Fluorochemicals Ltd.,FLUOROCHEM,Commodities,Chemicals,Chemicals & Petrochemicals,Specialty Chemicals,39436.15,14623.1216
Fortis Healthcare Ltd.,FORTIS,Healthcare,Healthcare,Healthcare Services,Hospital,66602.41,45844.70178
Firstsource Solutions Ltd.,FSL,Services,Services,Commercial Services & Supplies,Business Process Outsourcing (BPO)/ Knowledge Process Outsourcing (KPO),25928.06,11722.90505
GAIL (India) Ltd.,GAIL,Energy,Oil Gas & Consumable Fuels,Gas,Gas Transmission/Marketing,111546.57,45637.93869
Great Eastern Shipping Co. Ltd.,GESHIP,Services,Services,Transport Services,Shipping,13405.84,9284.426505
General Insurance Corporation of India,GICRE,Financial Services,Financial Services,Insurance,General Insurance,66140.88,11625.38405
Gillette India Ltd.,GILLETTE,Fast Moving Consumer Goods,Fast Moving Consumer Goods,Personal Products,Personal Care,34703.26,8639.896156
Gland Pharma Ltd.,GLAND,Healthcare,Healthcare,Pharmaceuticals & Biotechnology,Pharmaceuticals,32209.88,15515.33848
Glaxosmithkline Pharmaceuticals Ltd.,GLAXO,Healthcare,Healthcare,Pharmaceuticals & Biotechnology,Pharmaceuticals,45333.05,11047.25743
Glenmark Pharmaceuticals Ltd.,GLENMARK,Healthcare,Healthcare,Pharmaceuticals & Biotechnology,Pharmaceuticals,58274.47,31008.65976
Gujarat Mineral Development Corporation Ltd.,GMDCLTD,Commodities,Metals & Mining,Minerals & Mining,Industrial Minerals,13133.4,3408.012233
GMR Airports Ltd.,GMRAIRPORT,Services,Services,Transport Infrastructure,Airport & Airport services,95833.27,32293.98972
Gujarat Narmada Valley Fertilizers and Chemicals Ltd.,GNFC,Commodities,Chemicals,Chemicals & Petrochemicals,Commodity Chemicals,7403.61,4190.026571
Godfrey Phillips India Ltd.,GODFRYPHLP,Fast Moving Consumer Goods,Fast Moving Consumer Goods,Cigarettes & Tobacco Products,Cigarettes & Tobacco Products,51941.93,13508.12118
Go Digit General Insurance Ltd.,GODIGIT,Financial Services,Financial Services,Insurance,General Insurance,33764.28,8731.511086
Godrej Agrovet Ltd.,GODREJAGRO,Fast Moving Consumer Goods,Fast Moving Consumer Goods,Food Products,Animal Feed,15694.01,3462.835992
Godrej Consumer Products Ltd.,GODREJCP,Fast Moving Consumer Goods,Fast Moving Consumer Goods,Personal Products,Personal Care,125019.68,49033.34544
Godrej Industries Ltd.,GODREJIND,Diversified,Diversified,Diversified,Diversified,37132.55,5363.202128
Godrej Properties Ltd.,GODREJPROP,Consumer Discretionary,Realty,Realty,Residential Commercial Projects,61837.62,30776.70599
Godawari Power & Ispat Ltd.,GPIL,Industrials,Capital Goods,Industrial Products,Iron & Steel Products,12778.91,4655.906548
Gujarat Pipavav Port Ltd.,GPPL,Services,Services,Transport Infrastructure,Port & Port services,7442.56,4165.048636
Granules India Ltd.,GRANULES,Healthcare,Healthcare,Pharmaceuticals & Biotechnology,Pharmaceuticals,10927.46,6513.006415
Graphite India Ltd.,GRAPHITE,Industrials,Capital Goods,Industrial Products,Electrodes & Refractories,10353.93,3524.208435
Grasim Industries Ltd.,GRASIM,Commodities,Construction Materials,Cement & Cement Products,Cement & Cement Products,186590.96,104445.5986
Gravita India Ltd.,GRAVITA,Commodities,Metals & Mining,Minerals & Mining,Industrial Minerals,13647.18,5369.292929
Garden Reach Shipbuilders & Engineers Ltd.,GRSE,Industrials,Capital Goods,Aerospace & Defense,Aerospace & Defense,29302.4,7472.053803
Gujarat State Petronet Ltd.,GSPL,Energy,Oil Gas & Consumable Fuels,Gas,Gas Transmission/Marketing,17089.96,10062.5187
Gujarat Gas Ltd.,GUJGASLTD,Energy,Oil Gas & Consumable Fuels,Gas,LPG/CNG/PNG/LNG Supplier,29187.74,7289.463263
GE Vernova T&D India Ltd.,GVT&D,,,,,,
Hindustan Aeronautics Ltd.,HAL,Industrials,Capital Goods,Aerospace & Defense,Aerospace & Defense,304225.75,86151.55985
Happiest Minds Technologies Ltd.,HAPPSTMNDS,Information Technology,Information Technology,IT - Software,Computers - Software & Consulting,9046.65,4852.467401
Havells India Ltd.,HAVELLS,Consumer Discretionary,Consumer Durables,Consumer Durables,Consumer Electronics,93823.81,37653.46466
HBL Engineering Ltd.,HBLENGINE,Industrials,Capital Goods,Industrial Products,Other Industrial Products,16512.5,6693.871464
HCL Technologies Ltd.,HCLTECH,Information Technology,Information Technology,IT - Software,Computers - Software & Consulting,401378.2,156257.7391
HDFC Asset Management Company Ltd.,HDFCAMC,Financial Services,Financial Services,Capital Markets,Asset Management Company,121003.7,57276.37746
HDFC Bank Ltd.,HDFCBANK,Financial Services,Financial Services,Banks,Private Sector Bank,1533452.55,1520599.148
HDFC Life Insurance Company Ltd.,HDFCLIFE,Financial Services,Financial Services,Insurance,Life Insurance,163178.16,80932.28751
H.E.G. Ltd.,HEG,Industrials,Capital Goods,Industrial Products,Electrodes & Refractories,10054.13,4380.986307
Hero MotoCorp Ltd.,HEROMOTOCO,Consumer Discretionary,Automobile and Auto Components,Automobiles,2/3 Wheelers,93329.33,60415.90149
HFCL Ltd.,HFCL,Telecommunication,Telecommunication,Telecom - Services,Telecom - Infrastructure,10708.96,7010.096111
Hindalco Industries Ltd.,HINDALCO,Commodities,Metals & Mining,Non - Ferrous Metals,Aluminium,154979.98,99596.64248
Hindustan Copper Ltd.,HINDCOPPER,Commodities,Metals & Mining,Non - Ferrous Metals,Copper,23305.28,7887.205532
Hindustan Petroleum Corporation Ltd.,HINDPETRO,Energy,Oil Gas & Consumable Fuels,Petroleum Products,Refineries & Marketing,85751.25,38605.12586
Hindustan Unilever Ltd.,HINDUNILVR,Fast Moving Consumer Goods,Fast Moving Consumer Goods,Diversified FMCG,Diversified FMCG,591157.16,222661.7095
Hindustan Zinc Ltd.,HINDZINC,Commodities,Metals & Mining,Non - Ferrous Metals,Zinc,179576.06,15538.17753
Home First Finance Company India Ltd.,HOMEFIRST,Financial Services,Financial Services,Finance,Housing Finance Company,12629.75,9569.674798
Honasa Consumer Ltd.,HONASA,Fast Moving Consumer Goods,Fast Moving Consumer Goods,Personal Products,Personal Care,8562.08,3612.762972
Honeywell Automation India Ltd.,HONAUT,Industrials,Capital Goods,Industrial Manufacturing,Industrial Products,32536.8,8075.537301
Himadri Speciality Chemical Ltd.,HSCL,Commodities,Chemicals,Chemicals & Petrochemicals,Carbon Black,22282.49,10554.05654
Housing & Urban Development Corporation Ltd.,HUDCO,Financial Services,Financial Services,Finance,Financial Institution,42238.09,10559.09964
Hyundai Motor India Ltd.,HYUNDAI,Consumer Discretionary,Automobile and Auto Components,Automobiles,Passenger Cars & Utility Vehicles,173640.03,30386.65851
ICICI Bank Ltd.,ICICIBANK,Financial Services,Financial Services,Banks,Private Sector Bank,1028743.98,1024884.136
ICICI Lombard General Insurance Company Ltd.,ICICIGI,Financial Services,Financial Services,Insurance,General Insurance,94606.67,45685.37026
ICICI Prudential Life Insurance Company Ltd.,ICICIPRULI,Financial Services,Financial Services,Insurance,Life Insurance,89648.12,24200.32976
IDBI Bank Ltd.,IDBI,Financial Services,Financial Services,Banks,Private Sector Bank,96180.24,5000.122005
Vodafone Idea Ltd.,IDEA,Telecommunication,Telecommunication,Telecom - Services,Telecom - Cellular & Fixed line services,73023.21,18557.24119
IDFC First Bank Ltd.,IDFCFIRSTB,Financial Services,Financial Services,Banks,Private Sector Bank,50819.66,45670.81571
Indian Energy Exchange Ltd.,IEX,Financial Services,Financial Services,Capital Markets,Exchange and Data Platform,11936.2,10116.29863
IFCI Ltd.,IFCI,Financial Services,Financial Services,Finance,Financial Institution,14789.09,3548.819942
International Gemmological Institute (India) Ltd.,IGIL,Services,Services,Commercial Services & Supplies,Diversified Commercial Services,15471.32,3627.358597
Indraprastha Gas Ltd.,IGL,Energy,Oil Gas & Consumable Fuels,Gas,LPG/CNG/PNG/LNG Supplier,28826.03,14402.86971
IIFL Finance Ltd.,IIFL,Financial Services,Financial Services,Finance,Non Banking Financial Company (NBFC),19264.22,10484.16793
Inventurus Knowledge Solutions Ltd.,IKS,Information Technology,Information Technology,IT - Services,IT Enabled Services,27880.64,4249.678418
Indegene Ltd.,INDGN,Healthcare,Healthcare,Healthcare Services,Healthcare Research Analytics & Technology,13804.01,4372.694825
Indian Hotels Co. Ltd.,INDHOTEL,Consumer Discretionary,Consumer Services,Leisure Services,Hotels & Resorts,105874.89,65142.59586
India Cements Ltd.,INDIACEM,Commodities,Construction Materials,Cement & Cement Products,Cement & Cement Products,11078.82,1733.304319
Indiamart Intermesh Ltd.,INDIAMART,Consumer Discretionary,Consumer Services,Retailing,Internet & Catalogue Retail,15266.18,7744.622294
Indian Bank,INDIANB,Financial Services,Financial Services,Banks,Public Sector Bank,87215.92,22818.12613
InterGlobe Aviation Ltd.,INDIGO,Services,Services,Transport Services,Airline,227429.47,115157.5467
IndusInd Bank Ltd.,INDUSINDBK,Financial Services,Financial Services,Banks,Private Sector Bank,62994.46,53106.09178
Indus Towers Ltd.,INDUSTOWER,Telecommunication,Telecommunication,Telecom - Services,Telecom - Infrastructure,88114.64,44022.1603
Infosys Ltd.,INFY,Information Technology,Information Technology,IT - Software,Computers - Software & Consulting,598630.69,517615.6005
INOX India Ltd.,INOXINDIA,Industrials,Capital Goods,Industrial Products,Other Industrial Products,10323.44,2553.451388
Inox Wind Ltd.,INOXWIND,Industrials,Capital Goods,Electrical Equipment,Heavy Electrical Equipment,25261.65,14053.15819
Intellect Design Arena Ltd.,INTELLECT,Information Technology,Information Technology,IT - Software,Computers - Software & Consulting,13231.94,8631.642703
Indian Overseas Bank,IOB,Financial Services,Financial Services,Banks,Public Sector Bank,69824.39,3764.721883
Indian Oil Corporation Ltd.,IOC,Energy,Oil Gas & Consumable Fuels,Petroleum Products,Refineries & Marketing,201933.71,53282.43036
Ipca Laboratories Ltd.,IPCALAB,Healthcare,Healthcare,Pharmaceuticals & Biotechnology,Pharmaceuticals,35396.81,19336.8893
IRB Infrastructure Developers Ltd.,IRB,Industrials,Construction,Construction,Civil Construction,27054.72,8863.234491
IRCON International Ltd.,IRCON,Industrials,Construction,Construction,Civil Construction,15842.05,5473.237177
Indian Railway Catering And Tourism Corporation Ltd.,IRCTC,Consumer Discretionary,Consumer Services,Leisure Services,Tour Travel Related Services,58192,21881.6468
Indian Renewable Energy Development Agency Ltd.,IREDA,Financial Services,Financial Services,Finance,Financial Institution,40860.27,11539.55281
Indian Railway Finance Corporation Ltd.,IRFC,Financial Services,Financial Services,Finance,Financial Institution,167146.19,22789.38037
ITC Ltd.,ITC,Fast Moving Consumer Goods,Fast Moving Consumer Goods,Diversified FMCG,Diversified FMCG,518227.87,384470.1467
ITI Ltd.,ITI,Telecommunication,Telecommunication,Telecom - Equipment & Accessories,Telecom - Equipment & Accessories,30479.33,3039.978261
Jammu & Kashmir Bank Ltd.,J&KBANK,,,,,,
J.B. Chemicals & Pharmaceuticals Ltd.,JBCHEPHARM,Healthcare,Healthcare,Pharmaceuticals & Biotechnology,Pharmaceuticals,26417.74,13676.62363
JBM Auto Ltd.,JBMA,Consumer Discretionary,Automobile and Auto Components,Auto Components,Auto Components & Equipments,14445.07,2455.791856
Jindal Saw Ltd.,JINDALSAW,Industrials,Capital Goods,Industrial Products,Iron & Steel Products,13416.88,4856.039458
Jindal Steel & Power Ltd.,JINDALSTEL,Commodities,Metals & Mining,Ferrous Metals,Iron & Steel,101906.8,36805.57737
Jio Financial Services Ltd.,JIOFIN,Financial Services,Financial Services,Finance,Investment Company,208001.86,106984.715
J.K. Cement Ltd.,JKCEMENT,Commodities,Construction Materials,Cement & Cement Products,Cement & Cement Products,53083.29,28667.52375
JK Tyre & Industries Ltd.,JKTYRE,Consumer Discretionary,Automobile and Auto Components,Auto Components,Tyres & Rubber Products,8904.28,4366.837379
JM Financial Ltd.,JMFINANCIL,Financial Services,Financial Services,Finance,Holding Company,14839.64,6220.405894
Jaiprakash Power Ventures Ltd.,JPPOWER,Utilities,Power,Power,Power Generation,13028.43,9041.127802
Jindal Stainless Ltd.,JSL,Commodities,Metals & Mining,Ferrous Metals,Iron & Steel,59472.05,23243.57845
JSW Energy Ltd.,JSWENERGY,Utilities,Power,Power,Power Generation,93540.57,28576.64337
JSW Holdings Ltd.,JSWHL,Financial Services,Financial Services,Finance,Investment Company,20478.81,6894.887035
JSW Infrastructure Ltd.,JSWINFRA,Services,Services,Transport Infrastructure,Port & Port services,63630.05,8237.736837
JSW Steel Ltd.,JSWSTEEL,Commodities,Metals & Mining,Ferrous Metals,Iron & Steel,262397.21,101558.4788
Jubilant Foodworks Ltd.,JUBLFOOD,Consumer Discretionary,Consumer Services,Leisure Services,Restaurants,42230.09,24284.96386
Jubilant Ingrevia Ltd.,JUBLINGREA,Commodities,Chemicals,Chemicals & Petrochemicals,Specialty Chemicals,11293.03,5254.467452
Jubilant Pharmova Ltd.,JUBLPHARMA,Healthcare,Healthcare,Pharmaceuticals & Biotechnology,Pharmaceuticals,17554.37,8338.731557
Justdial Ltd.,JUSTDIAL,Consumer Discretionary,Consumer Services,Retailing,Internet & Catalogue Retail,7149.28,1847.223582
Jupiter Wagons Ltd.,JWL,Industrials,Capital Goods,Industrial Manufacturing,Railway Wagons,14371.38,4583.364086
Jyothy Labs Ltd.,JYOTHYLAB,Fast Moving Consumer Goods,Fast Moving Consumer Goods,Household Products,Household Products,12035.46,4449.243155
Jyoti CNC Automation Ltd.,JYOTICNC,Industrials,Capital Goods,Industrial Manufacturing,Industrial Products,22073.69,8249.730998
Kajaria Ceramics Ltd.,KAJARIACER,Consumer Discretionary,Consumer Durables,Consumer Durables,Ceramics,20116.09,10473.28145
Kalyan Jewellers India Ltd.,KALYANKJIL,Consumer Discretionary,Consumer Durables,Consumer Durables,Gems Jewellery And Watches,61717.65,22917.42931
Kansai Nerolac Paints Ltd.,KANSAINER,Consumer Discretionary,Consumer Durables,Consumer Durables,Paints,18885,4698.078545
Karur Vysya Bank Ltd.,KARURVYSYA,Financial Services,Financial Services,Banks,Private Sector Bank,21055.32,20509.69473
Kaynes Technology India Ltd.,KAYNES,Industrials,Capital Goods,Industrial Manufacturing,Industrial Products,40810.35,17243.02507
Kec International Ltd.,KEC,Industrials,Construction,Construction,Civil Construction,21769.84,10581.75126
KEI Industries Ltd.,KEI,Industrials,Capital Goods,Industrial Products,Cables - Electricals,36792.53,23671.61262
Kfin Technologies Ltd.,KFINTECH,Financial Services,Financial Services,Capital Markets,Depositories Clearing Houses and Other Intermediaries,18770.72,12592.78652
Krishna Institute of Medical Sciences Ltd.,KIMS,Healthcare,Healthcare,Healthcare Services,Hospital,29808.35,18236.92736
Kirloskar Brothers Ltd.,KIRLOSBROS,Industrials,Capital Goods,Industrial Products,Compressors Pumps & Diesel Engines,15564.15,4941.461823
Kirloskar Oil Eng Ltd.,KIRLOSENG,Industrials,Capital Goods,Industrial Products,Compressors Pumps & Diesel Engines,13247.23,7562.550715
KNR Constructions Ltd.,KNRCON,Industrials,Construction,Construction,Civil Construction,5877.52,3008.115711
Kotak Mahindra Bank Ltd.,KOTAKBANK,Financial Services,Financial Services,Banks,Private Sector Bank,396524.72,292414.7759
Kalpataru Projects International Ltd.,KPIL,Industrials,Construction,Construction,Civil Construction,19041.14,12635.10948
KPIT Technologies Ltd.,KPITTECH,Information Technology,Information Technology,IT - Software,Computers - Software & Consulting,33253.64,19758.15133
K.P.R. Mill Ltd.,KPRMILL,Consumer Discretionary,Textiles,Textiles & Apparels,Other Textile Products,34871.86,10214.63161
Dr. Lal Path Labs Ltd.,LALPATHLAB,Healthcare,Healthcare,Healthcare Services,Healthcare Service Provider,26807.33,11934.94298
Latent View Analytics Ltd.,LATENTVIEW,Information Technology,Information Technology,IT - Software,Computers - Software & Consulting,8247.52,2854.869662
Laurus Labs Ltd.,LAURUSLABS,Healthcare,Healthcare,Pharmaceuticals & Biotechnology,Pharmaceuticals,45269.72,32764.27386
Lemon Tree Hotels Ltd.,LEMONTREE,Consumer Discretionary,Consumer Services,Leisure Services,Hotels & Resorts,11451.92,7138.979697
LIC Housing Finance Ltd.,LICHSGFIN,Financial Services,Financial Services,Finance,Housing Finance Company,31898.15,17388.57655
Life Insurance Corporation of India,LICI,Financial Services,Financial Services,Insurance,Life Insurance,560647.8,19622.11222
Linde India Ltd.,LINDEINDIA,Commodities,Chemicals,Chemicals & Petrochemicals,Industrial Gases,55810,13732.27264
Lloyds Metals And Energy Ltd.,LLOYDSME,Commodities,Metals & Mining,Minerals & Mining,Industrial Minerals,75079.54,18743.68158
Lodha Developers Ltd.,LODHA,Consumer Discretionary,Realty,Realty,Residential Commercial Projects,121955.53,34124.25586
Larsen & Toubro Ltd.,LT,Industrials,Construction,Construction,Civil Construction,500933.89,426478.5867
L&T Finance Ltd.,LTF,Financial Services,Financial Services,Finance,Investment Company,50268.88,16140.13047
LT Foods Ltd.,LTFOODS,Fast Moving Consumer Goods,Fast Moving Consumer Goods,Agricultural Food & other Products,Other Agricultural Products,16025.72,6326.18635
LTIMindtree Ltd.,LTIM,Information Technology,Information Technology,IT - Software,Computers - Software & Consulting,149527.44,46599.02971
L&T Technology Services Ltd.,LTTS,Information Technology,Information Technology,IT - Services,IT Enabled Services,44595.93,11545.35079
Lupin Ltd.,LUPIN,Healthcare,Healthcare,Pharmaceuticals & Biotechnology,Pharmaceuticals,88485.66,46719.72052
Mahindra & Mahindra Ltd.,M&M,,,,,,
Mahindra & Mahindra Financial Services Ltd.,M&MFIN,,,,,,
Bank of Maharashtra,MAHABANK,Financial Services,Financial Services,Banks,Public Sector Bank,41342.11,8432.921818
Maharashtra Seamless Ltd.,MAHSEAMLES,Industrials,Capital Goods,Industrial Products,Iron & Steel Products,8897.55,2697.603798
Manappuram Finance Ltd.,MANAPPURAM,Financial Services,Financial Services,Finance,Non Banking Financial Company (NBFC),22168.13,14334.61936
Mankind Pharma Ltd.,MANKIND,Healthcare,Healthcare,Pharmaceuticals & Biotechnology,Pharmaceuticals,104420.37,28499.87015
Vedant Fashions Ltd.,MANYAVAR,Consumer Discretionary,Consumer Services,Retailing,Speciality Retail,17783.9,4454.973112
C.E. Info Systems Ltd.,MAPMYINDIA,Information Technology,Information Technology,IT - Software,Software Products,9577.39,2499.784725
Marico Ltd.,MARICO,Fast Moving Consumer Goods,Fast Moving Consumer Goods,Agricultural Food & other Products,Edible Oil,93196.84,37881.62596
Maruti Suzuki India Ltd.,MARUTI,Consumer Discretionary,Automobile and Auto Components,Automobiles,Passenger Cars & Utility Vehicles,396933.25,165233.3885
Mastek Ltd.,MASTEK,Information Technology,Information Technology,IT - Software,Computers - Software & Consulting,7802.41,3448.845474
Max Healthcare Institute Ltd.,MAXHEALTH,Healthcare,Healthcare,Healthcare Services,Hospital,122782.15,93609.35388
Mazagoan Dock Shipbuilders Ltd.,MAZDOCK,Industrials,Capital Goods,Industrial Manufacturing,Ship Building & Allied Services,112744.71,21175.3732
Multi Commodity Exchange of India Ltd.,MCX,Financial Services,Financial Services,Capital Markets,Exchange and Data Platform,40237.71,40146.45401
Global Health Ltd.,MEDANTA,Healthcare,Healthcare,Healthcare Services,Hospital,35710.31,11182.1835
Metropolis Healthcare Ltd.,METROPOLIS,Healthcare,Healthcare,Healthcare Services,Healthcare Service Provider,10360.38,5183.347915
Max Financial Services Ltd.,MFSL,Financial Services,Financial Services,Insurance,Life Insurance,52112.33,39680.5171
Mahanagar Gas Ltd.,MGL,Energy,Oil Gas & Consumable Fuels,Gas,LPG/CNG/PNG/LNG Supplier,12722.58,7315.265955
Minda Corporation Ltd.,MINDACORP,Consumer Discretionary,Automobile and Auto Components,Auto Components,Auto Components & Equipments,11040.69,3696.753558
MMTC Ltd.,MMTC,Services,Services,Commercial Services & Supplies,Trading & Distributors,9625.5,968.4504315
Samvardhana Motherson International Ltd.,MOTHERSON,Consumer Discretionary,Automobile and Auto Components,Auto Components,Auto Components & Equipments,99739.48,41678.9355
Motilal Oswal Financial Services Ltd.,MOTILALOFS,Financial Services,Financial Services,Capital Markets,Stockbroking & Allied,54911.35,13722.73034
MphasiS Ltd.,MPHASIS,Information Technology,Information Technology,IT - Software,Computers - Software & Consulting,51482.36,30721.89259
MRF Ltd.,MRF,Consumer Discretionary,Automobile and Auto Components,Auto Components,Tyres & Rubber Products,61072.46,29101.57646
Mangalore Refinery & Petrochemicals Ltd.,MRPL,Energy,Oil Gas & Consumable Fuels,Petroleum Products,Refineries & Marketing,21714.7,2205.713965
Motherson Sumi Wiring India Ltd.,MSUMI,Consumer Discretionary,Automobile and Auto Components,Auto Components,Auto Components & Equipments,25399.27,9715.295087
Muthoot Finance Ltd.,MUTHOOTFIN,Financial Services,Financial Services,Finance,Non Banking Financial Company (NBFC),105831.1,28187.05649
Nippon Life India Asset Management Ltd.,NAM-INDIA,Financial Services,Financial Services,Capital Markets,Asset Management Company,51447.84,14197.49498
NATCO Pharma Ltd.,NATCOPHARM,Healthcare,Healthcare,Pharmaceuticals & Biotechnology,Pharmaceuticals,16910.66,8435.966484
National Aluminium Co. Ltd.,NATIONALUM,Commodities,Metals & Mining,Non - Ferrous Metals,Aluminium,34640.71,16867.25555
Info Edge (India) Ltd.,NAUKRI,Consumer Discretionary,Consumer Services,Retailing,Internet & Catalogue Retail,88765.12,53033.69867
Nava Ltd.,NAVA,Utilities,Power,Power,Power Generation,17209.31,8406.574666
Navin Fluorine International Ltd.,NAVINFLUOR,Commodities,Chemicals,Chemicals & Petrochemicals,Specialty Chemicals,25132.64,17651.98591
NBCC (India) Ltd.,NBCC,Industrials,Construction,Construction,Civil Construction,29565,11306.42469
NCC Ltd.,NCC,Industrials,Construction,Construction,Civil Construction,14072.55,9141.769937
Nestle India Ltd.,NESTLEIND,Fast Moving Consumer Goods,Fast Moving Consumer Goods,Food Products,Packaged Foods,216067.62,80127.59637
Netweb Technologies India Ltd.,NETWEB,Information Technology,Information Technology,IT - Services,IT Enabled Services,12180.58,3528.714495
Network18 Media & Investments Ltd.,NETWORK18,Consumer Discretionary,Media Entertainment & Publication,Entertainment,Media & Entertainment,8735.43,3691.252079
Neuland Laboratories Ltd.,NEULANDLAB,Healthcare,Healthcare,Pharmaceuticals & Biotechnology,Pharmaceuticals,16422.26,10933.16748
Newgen Software Technologies Ltd.,NEWGEN,Information Technology,Information Technology,IT - Software,Computers - Software & Consulting,12793.59,5674.662793
Narayana Hrudayalaya Ltd.,NH,Healthcare,Healthcare,Healthcare Services,Hospital,36274.04,12021.07266
NHPC Ltd.,NHPC,Utilities,Power,Power,Power Generation,83725.37,26298.63953
The New India Assurance Company Ltd.,NIACL,Financial Services,Financial Services,Insurance,General Insurance,32050.3,4667.453721
Niva Bupa Health Insurance Company Ltd.,NIVABUPA,Financial Services,Financial Services,Insurance,General Insurance,14867.21,3129.59191
NLC India Ltd.,NLCINDIA,Utilities,Power,Power,Power Generation,32405.7,7603.510845
NMDC Ltd.,NMDC,Commodities,Metals & Mining,Minerals & Mining,Industrial Minerals,62914.25,24664.46075
NMDC Steel Ltd.,NSLNISP,Commodities,Metals & Mining,Ferrous Metals,Iron & Steel,10541.39,4132.709487
NTPC Ltd.,NTPC,Utilities,Power,Power,Power Generation,320571.78,156323.9445
NTPC Green Energy Ltd.,NTPCGREEN,Utilities,Power,Power,Power Generation,86538.41,9513.426554
Nuvama Wealth Management Ltd.,NUVAMA,Financial Services,Financial Services,Capital Markets,Stockbroking & Allied,24987.55,10379.50191
FSN E-Commerce Ventures Ltd.,NYKAA,Consumer Discretionary,Consumer Services,Retailing,E-Retail/ E-Commerce,59920.56,28495.40017
Oberoi Realty Ltd.,OBEROIRLTY,Consumer Discretionary,Realty,Realty,Residential Commercial Projects,58419.97,18858.72623
Oracle Financial Services Software Ltd.,OFSS,Information Technology,Information Technology,IT - Software,Software Products,74649.64,20306.49392
Oil India Ltd.,OIL,Energy,Oil Gas & Consumable Fuels,Oil,Oil Exploration & Production,70375.19,23531.8436
Ola Electric Mobility Ltd.,OLAELEC,Consumer Discretionary,Automobile and Auto Components,Automobiles,2/3 Wheelers,17832.99,4069.897387
Olectra Greentech Ltd.,OLECTRA,Consumer Discretionary,Automobile and Auto Components,Automobiles,Passenger Cars & Utility Vehicles,11852.46,5891.442246
Oil & Natural Gas Corporation Ltd.,ONGC,Energy,Oil Gas & Consumable Fuels,Oil,Oil Exploration & Production,293875.32,90487.73823
Page Industries Ltd.,PAGEIND,Consumer Discretionary,Textiles,Textiles & Apparels,Garments & Apparels,51073.59,28788.64994
Patanjali Foods Ltd.,PATANJALI,Fast Moving Consumer Goods,Fast Moving Consumer Goods,Agricultural Food & other Products,Edible Oil,65990.65,20158.29565
One 97 Communications Ltd.,PAYTM,Financial Services,Financial Services,Financial Technology (Fintech),Financial Technology (Fintech),67920.42,36192.485
PCBL Chemical Ltd.,PCBL,Commodities,Chemicals,Chemicals & Petrochemicals,Carbon Black,14607.8,6782.636553
Piramal Enterprises Ltd.,PEL,Financial Services,Financial Services,Finance,Non Banking Financial Company (NBFC),26407.95,13928.87431
Persistent Systems Ltd.,PERSISTENT,Information Technology,Information Technology,IT - Software,Computers - Software & Consulting,81093.4,55473.07558
Petronet LNG Ltd.,PETRONET,Energy,Oil Gas & Consumable Fuels,Gas,LPG/CNG/PNG/LNG Supplier,41955,20905.42254
Power Finance Corporation Ltd.,PFC,Financial Services,Financial Services,Finance,Financial Institution,135304.17,59533.02393
Pfizer Ltd.,PFIZER,Healthcare,Healthcare,Pharmaceuticals & Biotechnology,Pharmaceuticals,22931.05,7580.56966
PG Electroplast Ltd.,PGEL,Consumer Discretionary,Consumer Durables,Consumer Durables,Consumer Electronics,21009.1,10609.13359
Phoenix Mills Ltd.,PHOENIXLTD,Consumer Discretionary,Realty,Realty,Residential Commercial Projects,51912.47,27005.33425
Pidilite Industries Ltd.,PIDILITIND,Commodities,Chemicals,Chemicals & Petrochemicals,Specialty Chemicals,155194.94,46990.54406
PI Industries Ltd.,PIIND,Commodities,Chemicals,Fertilizers & Agrochemicals,Pesticides & Agrochemicals,61118.13,32543.26331
Punjab National Bank,PNB,Financial Services,Financial Services,Banks,Public Sector Bank,120446.05,36034.92743
PNB Housing Finance Ltd.,PNBHOUSING,Financial Services,Financial Services,Finance,Housing Finance Company,19919.39,12240.90371
PNC Infratech Ltd.,PNCINFRA,Industrials,Construction,Construction,Civil Construction,7900.12,3467.506444
PB Fintech Ltd.,POLICYBZR,Financial Services,Financial Services,Financial Technology (Fintech),Financial Technology (Fintech),82037.13,59122.35354
Polycab India Ltd.,POLYCAB,Industrials,Capital Goods,Industrial Products,Cables - Electricals,103796.53,34697.20857
Poly Medicure Ltd.,POLYMED,Healthcare,Healthcare,Healthcare Equipment & Supplies,Medical Equipment & Supplies,19638.95,7376.075427
Poonawalla Fincorp Ltd.,POONAWALLA,Financial Services,Financial Services,Finance,Non Banking Financial Company (NBFC),34748.81,12767.99859
Power Grid Corporation of India Ltd.,POWERGRID,Utilities,Power,Power,Power - Transmission,265997.27,129224.1334
Hitachi Energy India Ltd.,POWERINDIA,Industrials,Capital Goods,Electrical Equipment,Heavy Electrical Equipment,92220.22,26237.11342
Piramal Pharma Ltd.,PPLPHARMA,Healthcare,Healthcare,Pharmaceuticals & Biotechnology,Pharmaceuticals,25614.61,11897.85895
Praj Industries Ltd.,PRAJIND,Industrials,Capital Goods,Industrial Manufacturing,Industrial Products,8342.36,5578.258827
Premier Energies Ltd.,PREMIERENE,Industrials,Capital Goods,Electrical Equipment,Other Electrical Equipment,44698.79,8985.350028
Prestige Estates Projects Ltd.,PRESTIGE,Consumer Discretionary,Realty,Realty,Residential Commercial Projects,69980.74,27332.09801
PTC Industries Ltd.,PTCIL,Industrials,Capital Goods,Industrial Products,Other Industrial Products,22446.22,9033.975357
PVR INOX Ltd.,PVRINOX,Consumer Discretionary,Media Entertainment & Publication,Entertainment,Film Production Distribution & Exhibition,10487.76,7596.606749
Radico Khaitan Ltd,RADICO,Fast Moving Consumer Goods,Fast Moving Consumer Goods,Beverages,Breweries & Distilleries,38018.38,22155.85441
Railtel Corporation Of India Ltd.,RAILTEL,Telecommunication,Telecommunication,Telecom - Services,Other Telecom Services,11539.34,3133.323263
Rainbow Childrens Medicare Ltd.,RAINBOW,Healthcare,Healthcare,Healthcare Services,Hospital,15029.65,7370.944985
The Ramco Cements Ltd.,RAMCOCEM,Commodities,Construction Materials,Cement & Cement Products,Cement & Cement Products,27029.49,14410.77011
Raymond Ltd.,RAYMOND,Consumer Discretionary,Realty,Realty,Residential Commercial Projects,4214.12,2110.826007
Raymond Lifestyle Ltd.,RAYMONDLSL,Consumer Discretionary,Textiles,Textiles & Apparels,Other Textile Products,6866.09,3042.111758
RBL Bank Ltd.,RBLBANK,Financial Services,Financial Services,Banks,Private Sector Bank,16393.11,15946.8734
Rashtriya Chemicals & Fertilizers Ltd.,RCF,Commodities,Chemicals,Fertilizers & Agrochemicals,Fertilizers,8020.99,2002.080029
REC Ltd.,RECLTD,Financial Services,Financial Services,Finance,Financial Institution,101523.95,48023.36707
Redington Ltd.,REDINGTON,Services,Services,Commercial Services & Supplies,Trading & Distributors,18961.94,14372.29634
Reliance Industries Ltd.,RELIANCE,Energy,Oil Gas & Consumable Fuels,Petroleum Products,Refineries & Marketing,1882366.94,939805.5791
Shree Renuka Sugars Ltd.,RENUKA,Fast Moving Consumer Goods,Fast Moving Consumer Goods,Agricultural Food & other Products,Sugar,6176.88,2305.982726
RHI MAGNESITA INDIA LTD.,RHIM,Industrials,Capital Goods,Industrial Products,Electrodes & Refractories,10325.07,3022.25162
RITES Ltd.,RITES,Industrials,Construction,Construction,Civil Construction,12075.17,3356.559106
Ramkrishna Forgings Ltd.,RKFORGE,Consumer Discretionary,Automobile and Auto Components,Auto Components,Auto Components & Equipments,10572.19,5986.564477
Route Mobile Ltd.,ROUTE,Telecommunication,Telecommunication,Telecom - Services,Other Telecom Services,5543.79,1393.813438
Reliance Power Ltd.,RPOWER,Utilities,Power,Power,Power Generation,18644.06,12575.5646
R R Kabel Ltd.,RRKABEL,Industrials,Capital Goods,Industrial Products,Cables - Electricals,14496.52,4234.652169
RattanIndia Enterprises Ltd.,RTNINDIA,Consumer Discretionary,Consumer Services,Retailing,E-Retail/ E-Commerce,7294.24,1826.527914
Rail Vikas Nigam Ltd.,RVNL,Industrials,Construction,Construction,Civil Construction,72371.05,19648.30522
Sagility India Ltd.,SAGILITY,Information Technology,Information Technology,IT - Services,IT Enabled Services,21791.58,7109.111954
Steel Authority of India Ltd.,SAIL,Commodities,Metals & Mining,Ferrous Metals,Iron & Steel,51115.25,17840.14248
Sai Life Sciences Ltd.,SAILIFE,Healthcare,Healthcare,Pharmaceuticals & Biotechnology,Pharmaceuticals,16511.04,5089.165075
Sammaan Capital Ltd.,SAMMAANCAP,Financial Services,Financial Services,Finance,Housing Finance Company,10081.12,9358.875687
Sapphire Foods India Ltd.,SAPPHIRE,Consumer Discretionary,Consumer Services,Leisure Services,Restaurants,10306.75,7567.009541
Sarda Energy and Minerals Ltd.,SARDAEN,Commodities,Metals & Mining,Ferrous Metals,Iron & Steel,19523.68,5078.930272
Saregama India Ltd,SAREGAMA,Consumer Discretionary,Media Entertainment & Publication,Entertainment,Media & Entertainment,9307.88,3608.738814
SBFC Finance Ltd.,SBFC,Financial Services,Financial Services,Finance,Non Banking Financial Company (NBFC),11153.69,3691.236575
SBI Cards and Payment Services Ltd.,SBICARD,Financial Services,Financial Services,Finance,Non Banking Financial Company (NBFC),76027.06,23870.90139
SBI Life Insurance Company Ltd.,SBILIFE,Financial Services,Financial Services,Insurance,Life Insurance,186437.35,83162.24234
State Bank of India,SBIN,Financial Services,Financial Services,Banks,Public Sector Bank,743618.55,319249.5734
Schaeffler India Ltd.,SCHAEFFLER,Consumer Discretionary,Automobile and Auto Components,Auto Components,Auto Components & Equipments,62649.64,16085.0437
Schneider Electric Infrastructure Ltd.,SCHNEIDER,Industrials,Capital Goods,Electrical Equipment,Heavy Electrical Equipment,24089.73,5877.123621
Shipping Corporation of India Ltd.,SCI,Services,Services,Transport Services,Shipping,9651.36,3494.215346
Shree Cement Ltd.,SHREECEM,Commodities,Construction Materials,Cement & Cement Products,Cement & Cement Products,110334.93,40780.45117
Shriram Finance Ltd.,SHRIRAMFIN,Financial Services,Financial Services,Finance,Non Banking Financial Company (NBFC),117923.84,87530.62176
Shyam Metalics and Energy Ltd.,SHYAMMETL,Industrials,Capital Goods,Industrial Products,Iron & Steel Products,26904.12,6749.679638
Siemens Ltd.,SIEMENS,Industrials,Capital Goods,Electrical Equipment,Heavy Electrical Equipment,111141.65,27522.89553
Signatureglobal (India) Ltd.,SIGNATURE,Consumer Discretionary,Realty,Realty,Residential Commercial Projects,15709.1,4369.814736
SJVN Ltd.,SJVN,Utilities,Power,Power,Power Generation,36664.99,6655.098815
SKF India Ltd.,SKFINDIA,Industrials,Capital Goods,Industrial Products,Abrasives & Bearings,22593.15,10592.45905
Sobha Ltd.,SOBHA,Consumer Discretionary,Realty,Realty,Residential Commercial Projects,16638.49,6909.347985
Solar Industries India Ltd.,SOLARINDS,Commodities,Chemicals,Chemicals & Petrochemicals,Explosives,135002.11,36243.20728
Sona BLW Precision Forgings Ltd.,SONACOMS,Consumer Discretionary,Automobile and Auto Components,Auto Components,Auto Components & Equipments,28157.74,20240.26432
Sonata Software Ltd.,SONATSOFTW,Information Technology,Information Technology,IT - Software,Computers - Software & Consulting,9814.87,6797.552223
SRF Ltd.,SRF,Commodities,Chemicals,Chemicals & Petrochemicals,Specialty Chemicals,86348.55,42150.52733
Star Health and Allied Insurance Company Ltd.,STARHEALTH,Financial Services,Financial Services,Insurance,General Insurance,25428.6,9740.655286
Sumitomo Chemical India Ltd.,SUMICHEM,Commodities,Chemicals,Fertilizers & Agrochemicals,Pesticides & Agrochemicals,29399.68,7226.648088
Sundaram Finance Ltd.,SUNDARMFIN,Financial Services,Financial Services,Finance,Non Banking Financial Company (NBFC),51686.63,31939.75098
Sundram Fasteners Ltd.,SUNDRMFAST,Consumer Discretionary,Automobile and Auto Components,Auto Components,Auto Components & Equipments,19878.14,10429.72412
Sun Pharmaceutical Industries Ltd.,SUNPHARMA,Healthcare,Healthcare,Pharmaceuticals & Biotechnology,Pharmaceuticals,383773.63,171989.3029
Sun TV Network Ltd.,SUNTV,Consumer Discretionary,Media Entertainment & Publication,Entertainment,TV Broadcasting & Software Production,22088.44,5521.823588
Supreme Industries Ltd.,SUPREMEIND,Industrials,Capital Goods,Industrial Products,Plastic Products - Industrial,53103.58,26953.20149
Suzlon Energy Ltd.,SUZLON,Industrials,Capital Goods,Electrical Equipment,Heavy Electrical Equipment,87966.07,76291.74387
Swan Energy Ltd.,SWANENERGY,Commodities,Chemicals,Chemicals & Petrochemicals,Petrochemicals,13361.1,5929.843131
Swiggy Ltd.,SWIGGY,Consumer Discretionary,Consumer Services,Retailing,E-Retail/ E-Commerce,99122.46,15415.82296
Sterling and Wilson Renewable Energy Ltd.,SWSOLAR,Industrials,Construction,Construction,Civil Construction,6203.94,3366.309633
Syngene International Ltd.,SYNGENE,Healthcare,Healthcare,Healthcare Services,Healthcare Research Analytics & Technology,27117.82,12720.78093
Syrma SGS Technology Ltd.,SYRMA,Industrials,Capital Goods,Industrial Manufacturing,Industrial Products,12715.14,4392.673058
Tanla Platforms Ltd.,TANLA,Information Technology,Information Technology,IT - Software,Software Products,8639.74,4602.64117
Transformers And Rectifiers (India) Ltd.,TARIL,Industrials,Capital Goods,Electrical Equipment,Heavy Electrical Equipment,15242.42,5425.219682
Tata Chemicals Ltd.,TATACHEM,Commodities,Chemicals,Chemicals & Petrochemicals,Commodity Chemicals,24456.6,14977.46805
Tata Communications Ltd.,TATACOMM,Telecommunication,Telecommunication,Telecom - Services,Telecom - Cellular & Fixed line services,47746.05,19620.61855
Tata Consumer Products Ltd.,TATACONSUM,Fast Moving Consumer Goods,Fast Moving Consumer Goods,Agricultural Food & other Products,Tea & Coffee,104118.74,68336.77399
Tata Elxsi Ltd.,TATAELXSI,Information Technology,Information Technology,IT - Software,Computers - Software & Consulting,36682.83,20359.373
Tata Investment Corporation Ltd.,TATAINVEST,Financial Services,Financial Services,Finance,Investment Company,35062.54,8982.18128
Tata Motors Ltd.,TATAMOTORS,Consumer Discretionary,Automobile and Auto Components,Automobiles,Passenger Cars & Utility Vehicles,239327.29,135307.2746
Tata Power Co. Ltd.,TATAPOWER,Utilities,Power,Power,Integrated Power Utilities,123499.87,64722.7022
Tata Steel Ltd.,TATASTEEL,Commodities,Metals & Mining,Ferrous Metals,Iron & Steel,199524.21,131806.2949
Tata Technologies Ltd.,TATATECH,Information Technology,Information Technology,IT - Services,IT Enabled Services,27218.33,10318.84997
TBO Tek Ltd.,TBOTEK,Consumer Discretionary,Consumer Services,Leisure Services,Tour Travel Related Services,14892.81,4546.240274
Tata Consultancy Services Ltd.,TCS,Information Technology,Information Technology,IT - Software,Computers - Software & Consulting,1103191.07,310538.3561
Tech Mahindra Ltd.,TECHM,Information Technology,Information Technology,IT - Software,Computers - Software & Consulting,145721.42,94166.05326
Techno Electric & Engineering Company Ltd.,TECHNOE,Industrials,Construction,Construction,Civil Construction,16234.26,6980.032667
Tejas Networks Ltd.,TEJASNET,Telecommunication,Telecommunication,Telecom - Equipment & Accessories,Telecom - Equipment & Accessories,10156.2,4600.577326
Thermax Ltd.,THERMAX,Industrials,Capital Goods,Electrical Equipment,Heavy Electrical Equipment,39714.79,12876.4102
Tube Investments of India Ltd.,TIINDIA,Consumer Discretionary,Automobile and Auto Components,Auto Components,Auto Components & Equipments,57178.63,31460.08055
Timken India Ltd.,TIMKEN,Industrials,Capital Goods,Industrial Products,Abrasives & Bearings,21812.68,10382.09437
Titagarh Rail Systems Ltd.,TITAGARH,Industrials,Capital Goods,Industrial Manufacturing,Railway Wagons,11530.09,6839.732855
Titan Company Ltd.,TITAN,Consumer Discretionary,Consumer Durables,Consumer Durables,Gems Jewellery And Watches,302024.85,139949.5575
Torrent Pharmaceuticals Ltd.,TORNTPHARM,Healthcare,Healthcare,Pharmaceuticals & Biotechnology,Pharmaceuticals,121671.14,37495.88057
Torrent Power Ltd.,TORNTPOWER,Utilities,Power,Power,Integrated Power Utilities,68480.49,25785.02794
Trent Ltd.,TRENT,Consumer Discretionary,Consumer Services,Retailing,Speciality Retail,188977.13,117821.1959
Trident Ltd.,TRIDENT,Consumer Discretionary,Textiles,Textiles & Apparels,Other Textile Products,14396.07,3476.436115
Triveni Turbine Ltd.,TRITURBINE,Industrials,Capital Goods,Electrical Equipment,Heavy Electrical Equipment,16574.1,5995.200838
Triveni Engineering & Industries Ltd.,TRIVENI,Fast Moving Consumer Goods,Fast Moving Consumer Goods,Agricultural Food & other Products,Sugar,7252.09,2825.261845
Tata Teleservices (Maharashtra) Ltd.,TTML,Telecommunication,Telecommunication,Telecom - Services,Telecom - Cellular & Fixed line services,11326.85,2904.000777
TVS Motor Company Ltd.,TVSMOTOR,Consumer Discretionary,Automobile and Auto Components,Automobiles,2/3 Wheelers,143357.54,70672.39842
United Breweries Ltd.,UBL,Fast Moving Consumer Goods,Fast Moving Consumer Goods,Beverages,Breweries & Distilleries,51183.55,13938.71346
UCO Bank,UCOBANK,Financial Services,Financial Services,Banks,Public Sector Bank,35374.1,3200.86044
UltraTech Cement Ltd.,ULTRACEMCO,Commodities,Construction Materials,Cement & Cement Products,Cement & Cement Products,362219.64,145489.5016
Union Bank of India,UNIONBANK,Financial Services,Financial Services,Banks,Public Sector Bank,101305.58,25571.75712
United Spirits Ltd.,UNITDSPR,Fast Moving Consumer Goods,Fast Moving Consumer Goods,Beverages,Breweries & Distilleries,94235.58,38156.92729
UNO Minda Ltd.,UNOMINDA,Consumer Discretionary,Automobile and Auto Components,Auto Components,Auto Components & Equipments,63650.02,19764.41416
UPL Ltd.,UPL,Commodities,Chemicals,Fertilizers & Agrochemicals,Pesticides & Agrochemicals,52884.06,35553.74291
Usha Martin Ltd.,USHAMART,Industrials,Capital Goods,Industrial Products,Iron & Steel Products,10672.06,6011.676505
UTI Asset Management Company Ltd.,UTIAMC,Financial Services,Financial Services,Capital Markets,Asset Management Company,17165.92,5549.36543
Varun Beverages Ltd.,VBL,Fast Moving Consumer Goods,Fast Moving Consumer Goods,Beverages,Other Beverages,170110.42,67238.52496
Vedanta Ltd.,VEDL,Commodities,Metals & Mining,Diversified Metals,Diversified Metals,171275,74090.65198
V-Guard Industries Ltd.,VGUARD,Consumer Discretionary,Consumer Durables,Consumer Durables,Household Appliances,15665.44,6568.830783
Vijaya Diagnostic Centre Ltd.,VIJAYA,Healthcare,Healthcare,Healthcare Services,Healthcare Service Provider,10884.83,5109.547782
Vishal Mega Mart Ltd.,VMM,Consumer Discretionary,Consumer Services,Retailing,Diversified Retail,67459.36,16421.76644
Voltas Ltd.,VOLTAS,Consumer Discretionary,Consumer Durables,Consumer Durables,Household Appliances,43312.81,29719.08627
Vardhman Textiles Ltd.,VTL,Consumer Discretionary,Textiles,Textiles & Apparels,Other Textile Products,11702.12,4133.819401
Waaree Energies Ltd.,WAAREEENER,Industrials,Capital Goods,Electrical Equipment,Other Electrical Equipment,91068.77,10272.64879
Welspun Corp Ltd.,WELCORP,Industrials,Capital Goods,Industrial Products,Iron & Steel Products,22926.63,11385.82153
Welspun Living Ltd.,WELSPUNLIV,Consumer Discretionary,Textiles,Textiles & Apparels,Other Textile Products,11412.96,3696.816153
Westlife Foodworld Ltd.,WESTLIFE,Consumer Discretionary,Consumer Services,Leisure Services,Restaurants,10630.47,4612.828845
Whirlpool of India Ltd.,WHIRLPOOL,Consumer Discretionary,Consumer Durables,Consumer Durables,Household Appliances,16404.53,7987.774611
Wipro Ltd.,WIPRO,Information Technology,Information Technology,IT - Software,Computers - Software & Consulting,254526.89,69067.14498
Wockhardt Ltd.,WOCKPHARMA,Healthcare,Healthcare,Pharmaceuticals & Biotechnology,Pharmaceuticals,24861.92,12604.14657
Yes Bank Ltd.,YESBANK,Financial Services,Financial Services,Banks,Private Sector Bank,59004.35,35386.20976
Zee Entertainment Enterprises Ltd.,ZEEL,Consumer Discretionary,Media Entertainment & Publication,Entertainment,TV Broadcasting & Software Production,11042.13,10580.4487
Zensar Technolgies Ltd.,ZENSARTECH,Information Technology,Information Technology,IT - Software,Computers - Software & Consulting,17975.91,9031.851393
Zen Technologies Ltd.,ZENTEC,Industrials,Capital Goods,Aerospace & Defense,Aerospace & Defense,13173.36,6633.855283
ZF Commercial Vehicle Control Systems India Ltd.,ZFCVINDIA,Consumer Discretionary,Automobile and Auto Components,Auto Components,Auto Components & Equipments,25283.79,9241.427322
Zydus Lifesciences Ltd.,ZYDUSLIFE,Healthcare,Healthcare,Pharmaceuticals & Biotechnology,Pharmaceuticals,95255.14,23574.50425
